url,api,get,post,put,patch,delete,priority,assignee
/accounts,classic,False,N/A,N/A,N/A,N/A
/accounts/groupid/{id},classic,False,False,False,N/A,False
/accounts/groupname/{name},classic,False,N/A,N/A,N/A,N/A
/accounts/userid/{id},classic,False,False,False,N/A,False
/accounts/username/{name},classic,False,N/A,N/A,N/A,N/A
/activationcode,classic,True,N/A,True,N/A,N/A
/advancedcomputersearches,classic,True,N/A,N/A,N/A,N/A
/advancedcomputersearches/id/{id},classic,True,False,True,N/A,True
/advancedcomputersearches/name/{name},classic,True,N/A,N/A,N/A,N/A
/advancedmobiledevicesearches,classic,True,N/A,N/A,N/A,N/A
/advancedmobiledevicesearches/id/{id},classic,True,False,True,N/A,True
/advancedmobiledevicesearches/name/{name},classic,True,N/A,N/A,N/A,N/A
/advancedusersearches,classic,True,N/A,N/A,N/A,N/A
/advancedusersearches/id/{id},classic,True,False,True,N/A,True
/advancedusersearches/name/{name},classic,True,N/A,N/A,N/A,N/A
/allowedfileextensions,classic,True,N/A,N/A,N/A,N/A
/allowedfileextensions/extension/{extension},classic,False,N/A,N/A,N/A,N/A
/allowedfileextensions/id/{id},classic,True,False,N/A,N/A,True
/buildings,classic,False,N/A,N/A,N/A,N/A
/buildings/id/{id},classic,False,False,False,N/A,False
/buildings/name/{name},classic,False,N/A,N/A,N/A,N/A
/byoprofiles,classic,True,N/A,N/A,N/A,N/A
/byoprofiles/id/{id},classic,True,N/A,True,N/A,N/A
/byoprofiles/name/{name},classic,True,N/A,N/A,N/A,N/A
/byoprofiles/site/id/{siteId},classic,False,N/A,N/A,N/A,N/A
/byoprofiles/site/name/{siteName},classic,False,N/A,N/A,N/A,N/A
/categories,classic,False,N/A,N/A,N/A,N/A
/categories/id/{id},classic,False,False,False,N/A,False
/categories/name/{name},classic,False,N/A,N/A,N/A,N/A
/classes,classic,True,N/A,N/A,N/A,N/A
/classes/id/{id},classic,True,False,True,N/A,True
/classes/name/{name},classic,True,N/A,N/A,N/A,N/A
/commandflush,classic,N/A,N/A,N/A,N/A,False
/commandflush/{idtype}/id/{id}/status/{status},classic,N/A,N/A,N/A,N/A,False
/computerapplications/application/{application},classic,False,N/A,N/A,N/A,N/A
/computerapplications/application/{application}/inventory/{inventory},classic,False,N/A,N/A,N/A,N/A
/computerapplications/application/{application}/version/{version},classic,False,N/A,N/A,N/A,N/A
/computerapplications/application/{application}/version/{version}/inventory/{inventory},classic,False,N/A,N/A,N/A,N/A
/computerapplicationusage/id/{id}/{start_date}_{end_date},classic,False,N/A,N/A,N/A,N/A
/computerapplicationusage/macaddress/{macaddress}/{start_date}_{end_date},classic,False,N/A,N/A,N/A,N/A
/computerapplicationusage/name/{name}/{start_date}_{end_date},classic,False,N/A,N/A,N/A,N/A
/computerapplicationusage/serialnumber/{serialnumber}/{start_date}_{end_date},classic,False,N/A,N/A,N/A,N/A
/computerapplicationusage/udid/{udid}/{start_date}_{end_date},classic,False,N/A,N/A,N/A,N/A
/computercheckin,classic,False,N/A,False,N/A,N/A
/computercommands,classic,False,N/A,N/A,N/A,N/A
/computercommands/command/{command},classic,N/A,False,N/A,N/A,N/A
/computercommands/command/{command}/action/{action}/id/{id},classic,N/A,False,N/A,N/A,N/A
/computercommands/command/{command}/id/{id},classic,N/A,False,N/A,N/A,N/A
/computercommands/command/{command}/passcode/{passcode}/id/{id},classic,N/A,False,N/A,N/A,N/A
/computercommands/name/{name},classic,False,N/A,N/A,N/A,N/A
/computercommands/status/{statusuuid},classic,False,N/A,N/A,N/A,N/A
/computercommands/uuid/{uuid},classic,False,N/A,N/A,N/A,N/A
/computerextensionattributes,classic,True,N/A,N/A,N/A,N/A
/computerextensionattributes/id/{id},classic,True,False,True,N/A,True
/computerextensionattributes/name/{name},classic,True,N/A,N/A,N/A,N/A
/computergroups,classic,True,N/A,N/A,N/A,N/A
/computergroups/id/{id},classic,True,False,True,N/A,True
/computergroups/name/{name},classic,True,N/A,N/A,N/A,N/A
/computerhardwaresoftwarereports/id/{id}/{start_date}_{end_date},classic,False,N/A,N/A,N/A,N/A
/computerhardwaresoftwarereports/id/{id}/{start_date}_{end_date}/subset/{subset},classic,False,N/A,N/A,N/A,N/A
/computerhardwaresoftwarereports/macaddress/{macaddress}/{start_date}_{end_date},classic,False,N/A,N/A,N/A,N/A
/computerhardwaresoftwarereports/name/{name}/{start_date}_{end_date},classic,False,N/A,N/A,N/A,N/A
/computerhardwaresoftwarereports/serialnumber/{serialnumber}/{start_date}_{end_date},classic,False,N/A,N/A,N/A,N/A
/computerhardwaresoftwarereports/udid/{udid}/{start_date}_{end_date},classic,False,N/A,N/A,N/A,N/A
/computerhistory/id/{id},classic,False,N/A,N/A,N/A,N/A
/computerhistory/id/{id}/subset/{subset},classic,False,N/A,N/A,N/A,N/A
/computerhistory/macaddress/{macaddress},classic,False,N/A,N/A,N/A,N/A
/computerhistory/name/{name},classic,False,N/A,N/A,N/A,N/A
/computerhistory/serialnumber/{serialnumber},classic,False,N/A,N/A,N/A,N/A
/computerhistory/udid/{udid},classic,False,N/A,N/A,N/A,N/A
/computerinventorycollection,classic,False,N/A,False,N/A,N/A
/computerinvitations,classic,True,N/A,N/A,N/A,N/A
/computerinvitations/id/{id},classic,True,False,N/A,N/A,True
/computerinvitations/invitation/{invitation},classic,True,N/A,N/A,N/A,N/A
/computerinvitations/name/{name},classic,False,N/A,N/A,N/A,N/A
/computermanagement/id/{id},classic,False,N/A,N/A,N/A,N/A
/computermanagement/id/{id}/patchfilter/{filter},classic,False,N/A,N/A,N/A,N/A
/computermanagement/id/{id}/subset/{subset},classic,False,N/A,N/A,N/A,N/A
/computermanagement/id/{id}/username/{username},classic,False,N/A,N/A,N/A,N/A
/computermanagement/id/{id}/username/{username}/subset/{subset},classic,False,N/A,N/A,N/A,N/A
/computermanagement/macaddress/{macaddress},classic,False,N/A,N/A,N/A,N/A
/computermanagement/name/{name},classic,False,N/A,N/A,N/A,N/A
/computermanagement/serialnumber/{serialnumber},classic,False,N/A,N/A,N/A,N/A
/computermanagement/udid/{udid},classic,False,N/A,N/A,N/A,N/A
/computerreports,classic,False,N/A,N/A,N/A,N/A
/computerreports/id/{id},classic,False,N/A,N/A,N/A,N/A
/computerreports/name/{name},classic,False,N/A,N/A,N/A,N/A
/computers,classic,True,N/A,N/A,N/A,N/A
/computers/extensionattributedataflush/id/{id},classic,N/A,N/A,N/A,N/A,False
/computers/id/{id},classic,True,False,True,N/A,True
/computers/id/{id}/subset/{subset},classic,False,N/A,N/A,N/A,N/A
/computers/macaddress/{macaddress},classic,False,N/A,N/A,N/A,N/A
/computers/match/name/{matchname},classic,False,N/A,N/A,N/A,N/A
/computers/match/{match},classic,False,N/A,N/A,N/A,N/A
/computers/name/{name},classic,True,N/A,N/A,N/A,N/A
/computers/serialnumber/{serialnumber},classic,False,N/A,N/A,N/A,N/A
/computers/subset/basic,classic,False,N/A,N/A,N/A,N/A
/computers/udid/{udid},classic,False,N/A,N/A,N/A,N/A
/departments,classic,True,N/A,N/A,N/A,N/A
/departments/id/{id},classic,True,False,True,N/A,True
/departments/name/{name},classic,True,N/A,N/A,N/A,N/A
/directorybindings,classic,True,N/A,N/A,N/A,N/A
/directorybindings/id/{id},classic,True,False,True,N/A,True
/directorybindings/name/{name},classic,True,N/A,N/A,N/A,N/A
/diskencryptionconfigurations,classic,True,N/A,N/A,N/A,N/A
/diskencryptionconfigurations/id/{id},classic,True,False,True,N/A,True
/diskencryptionconfigurations/name/{name},classic,True,N/A,N/A,N/A,N/A
/distributionpoints,classic,True,N/A,N/A,N/A,N/A
/distributionpoints/id/{id},classic,True,False,True,N/A,True
/distributionpoints/name/{name},classic,True,N/A,N/A,N/A,N/A
/dockitems,classic,True,N/A,N/A,N/A,N/A
/dockitems/id/{id},classic,True,False,True,N/A,True
/dockitems/name/{name},classic,True,N/A,N/A,N/A,N/A
/ebooks,classic,True,N/A,N/A,N/A,N/A
/ebooks/id/{id},classic,True,False,True,N/A,True
/ebooks/id/{id}/subset/{subset},classic,False,N/A,N/A,N/A,N/A
/ebooks/name/{name},classic,True,N/A,N/A,N/A,N/A
/fileuploads/{resource}/{idType}/{id},classic,N/A,False,N/A,N/A,N/A
/gsxconnection,classic,False,N/A,False,N/A,N/A
/healthcarelistener,classic,False,N/A,N/A,N/A,N/A
/healthcarelistener/id/{id},classic,False,N/A,False,N/A,N/A
/healthcarelistenerrule,classic,False,N/A,N/A,N/A,N/A
/healthcarelistenerrule/id/{id},classic,False,False,False,N/A,N/A
/ibeacons,classic,True,N/A,N/A,N/A,N/A
/ibeacons/id/{id},classic,True,False,True,N/A,True
/ibeacons/name/{name},classic,True,N/A,N/A,N/A,N/A
/infrastructuremanager,classic,False,N/A,N/A,N/A,N/A
/infrastructuremanager/id/{id},classic,False,N/A,False,N/A,N/A
/jsonwebtokenconfigurations,classic,False,N/A,N/A,N/A,N/A
/jsonwebtokenconfigurations/id/{id},classic,False,False,False,N/A,False
/jssuser,classic,False,N/A,N/A,N/A,N/A
/ldapservers,classic,True,N/A,N/A,N/A,N/A
/ldapservers/id/{id},classic,True,False,True,N/A,True
/ldapservers/id/{id}/group/{group},classic,True,N/A,N/A,N/A,N/A
/ldapservers/id/{id}/group/{group}/user/{user},classic,True,N/A,N/A,N/A,N/A
/ldapservers/id/{id}/user/{user},classic,True,N/A,N/A,N/A,N/A
/ldapservers/name/{name},classic,True,N/A,N/A,N/A,N/A
/licensedsoftware,classic,True,N/A,N/A,N/A,N/A
/licensedsoftware/id/{id},classic,True,False,True,N/A,True
/licensedsoftware/name/{name},classic,True,N/A,N/A,N/A,N/A
/logflush,classic,N/A,N/A,N/A,N/A,False
/logflush/{log}/id/{id}/interval/{interval},classic,N/A,N/A,N/A,N/A,False
/logflush/{log}/interval/{interval},classic,N/A,N/A,N/A,N/A,False
/macapplications,classic,True,N/A,N/A,N/A,N/A
/macapplications/id/{id},classic,True,False,True,N/A,True
/macapplications/id/{id}/subset/{subset},classic,True,N/A,N/A,N/A,N/A
/macapplications/name/{name},classic,True,N/A,N/A,N/A,N/A
/managedpreferenceprofiles,classic,False,N/A,N/A,N/A,N/A
/managedpreferenceprofiles/id/{id},classic,False,False,False,N/A,False
/managedpreferenceprofiles/id/{id}/subset/{subset},classic,False,N/A,N/A,N/A,N/A
/managedpreferenceprofiles/name/{name},classic,False,N/A,N/A,N/A,N/A
/mobiledeviceapplications,classic,True,N/A,N/A,N/A,N/A
/mobiledeviceapplications/bundleid/{bundleid},classic,True,N/A,N/A,N/A,N/A
/mobiledeviceapplications/bundleid/{bundleid}/version/{version},classic,True,N/A,N/A,N/A,N/A
/mobiledeviceapplications/id/{id},classic,True,False,True,N/A,True
/mobiledeviceapplications/id/{id}/subset/{subset},classic,True,N/A,N/A,N/A,N/A
/mobiledeviceapplications/name/{name},classic,True,N/A,N/A,N/A,N/A
/mobiledevicecommands,classic,False,N/A,N/A,N/A,N/A
/mobiledevicecommands/command,classic,N/A,False,N/A,N/A,N/A
/mobiledevicecommands/command/DeviceLock/{lock_message}/id/{id_list},classic,N/A,False,N/A,N/A,N/A
/mobiledevicecommands/command/DeviceName/{device_name}/id/{id_list},classic,N/A,False,N/A,N/A,N/A
/mobiledevicecommands/command/ScheduleOSUpdate/{install_action}/id/{id_list},classic,N/A,False,N/A,N/A,N/A
/mobiledevicecommands/command/ScheduleOSUpdate/{install_action}/{product_version}/id/{id_list},classic,N/A,False,N/A,N/A,N/A
/mobiledevicecommands/command/{command},classic,False,False,N/A,N/A,N/A
/mobiledevicecommands/command/{command}/id/{id_list},classic,N/A,False,N/A,N/A,N/A
/mobiledevicecommands/name/{name},classic,False,N/A,N/A,N/A,N/A
/mobiledevicecommands/uuid/{uuid},classic,False,N/A,N/A,N/A,N/A
/mobiledeviceconfigurationprofiles,classic,True,N/A,N/A,N/A,N/A
/mobiledeviceconfigurationprofiles/id/{id},classic,True,False,True,N/A,True
/mobiledeviceconfigurationprofiles/id/{id}/subset/{subset},classic,True,N/A,N/A,N/A,N/A
/mobiledeviceconfigurationprofiles/name/{name},classic,True,N/A,N/A,N/A,N/A
/mobiledeviceenrollmentprofiles,classic,True,N/A,N/A,N/A,N/A
/mobiledeviceenrollmentprofiles/id/{id},classic,True,False,True,N/A,True
/mobiledeviceenrollmentprofiles/id/{id}/subset/{subset},classic,True,N/A,N/A,N/A,N/A
/mobiledeviceenrollmentprofiles/invitation/{invitation},classic,True,N/A,N/A,N/A,N/A
/mobiledeviceenrollmentprofiles/name/{name},classic,True,N/A,N/A,N/A,N/A
/mobiledeviceextensionattributes,classic,True,N/A,N/A,N/A,N/A
/mobiledeviceextensionattributes/id/{id},classic,True,False,True,N/A,True
/mobiledeviceextensionattributes/name/{name},classic,True,N/A,N/A,N/A,N/A
/mobiledevicegroups,classic,True,N/A,N/A,N/A,N/A
/mobiledevicegroups/id/{id},classic,True,False,True,N/A,True
/mobiledevicegroups/name/{name},classic,True,N/A,N/A,N/A,N/A
/mobiledevicehistory/id/{id},classic,False,N/A,N/A,N/A,N/A
/mobiledevicehistory/id/{id}/subset/{subset},classic,False,N/A,N/A,N/A,N/A
/mobiledevicehistory/macaddress/{macaddress},classic,False,N/A,N/A,N/A,N/A
/mobiledevicehistory/name/{name},classic,False,N/A,N/A,N/A,N/A
/mobiledevicehistory/serialnumber/{serialnumber},classic,False,N/A,N/A,N/A,N/A
/mobiledevicehistory/udid/{udid},classic,False,N/A,N/A,N/A,N/A
/mobiledeviceinvitations,classic,False,N/A,N/A,N/A,N/A
/mobiledeviceinvitations/id/{id},classic,False,False,N/A,N/A,False
/mobiledeviceinvitations/invitation/{invitation},classic,False,N/A,N/A,N/A,N/A
/mobiledeviceprovisioningprofiles,classic,True,N/A,N/A,N/A,N/A
/mobiledeviceprovisioningprofiles/id/{id},classic,True,True,True,N/A,True
/mobiledeviceprovisioningprofiles/id/{id}/subset/{subset},classic,False,N/A,N/A,N/A,N/A
/mobiledeviceprovisioningprofiles/name/{name},classic,True,N/A,N/A,N/A,N/A
/mobiledeviceprovisioningprofiles/uuid/{uuid},classic,True,N/A,N/A,N/A,N/A
/mobiledevices,classic,False,N/A,N/A,N/A,N/A
/mobiledevices/id/{id},classic,False,False,False,N/A,False
/mobiledevices/id/{id}/subset/{subset},classic,False,N/A,N/A,N/A,N/A
/mobiledevices/macaddress/{macaddress},classic,False,N/A,N/A,N/A,N/A
/mobiledevices/match/{match},classic,False,N/A,N/A,N/A,N/A
/mobiledevices/name/{name},classic,False,N/A,N/A,N/A,N/A
/mobiledevices/serialnumber/{serialnumber},classic,False,N/A,N/A,N/A,N/A
/mobiledevices/udid/{udid},classic,False,N/A,N/A,N/A,N/A
/networksegments,classic,True,N/A,N/A,N/A,N/A
/networksegments/id/{id},classic,True,False,True,N/A,True
/networksegments/name/{name},classic,True,N/A,N/A,N/A,N/A
/osxconfigurationprofiles,classic,True,N/A,N/A,N/A,N/A
/osxconfigurationprofiles/id/{id},classic,True,False,True,N/A,True
/osxconfigurationprofiles/id/{id}/subset/{subset},classic,False,N/A,N/A,N/A,N/A
/osxconfigurationprofiles/name/{name},classic,True,N/A,N/A,N/A,N/A
/packages,classic,False,N/A,N/A,N/A,N/A
/packages/id/{id},classic,False,False,False,N/A,False
/packages/name/{name},classic,False,N/A,N/A,N/A,N/A
/patchavailabletitles/sourceid/{id},classic,False,N/A,N/A,N/A,N/A
/patches,classic,False,N/A,N/A,N/A,N/A
/patches/id/{id},classic,False,False,False,N/A,False
/patches/id/{id}/version/{version},classic,False,N/A,N/A,N/A,N/A
/patches/name/{name},classic,False,N/A,N/A,N/A,N/A
/patchexternalsources,classic,False,N/A,N/A,N/A,N/A
/patchexternalsources/id/{id},classic,False,False,False,N/A,False
/patchexternalsources/name/{name},classic,False,N/A,N/A,N/A,N/A
/patchinternalsources,classic,False,N/A,N/A,N/A,N/A
/patchinternalsources/id/{id},classic,False,N/A,N/A,N/A,N/A
/patchinternalsources/name/{name},classic,False,N/A,N/A,N/A,N/A
/patchpolicies,classic,False,N/A,N/A,N/A,N/A
/patchpolicies/id/{id},classic,False,N/A,False,N/A,False
/patchpolicies/id/{id}/subset/{subset},classic,False,N/A,N/A,N/A,N/A
/patchpolicies/softwaretitleconfig/id/{softwaretitleconfigid},classic,False,False,N/A,N/A,N/A
/patchreports/patchsoftwaretitleid/{id},classic,False,N/A,N/A,N/A,N/A
/patchreports/patchsoftwaretitleid/{id}/version/{version},classic,False,N/A,N/A,N/A,N/A
/patchsoftwaretitles,classic,False,N/A,N/A,N/A,N/A
/patchsoftwaretitles/id/{id},classic,False,False,False,N/A,False
/peripherals,classic,False,N/A,N/A,N/A,N/A
/peripherals/id/{id},classic,False,False,False,N/A,False
/peripherals/id/{id}/subset/{subset},classic,False,N/A,N/A,N/A,N/A
/peripheraltypes,classic,False,N/A,N/A,N/A,N/A
/peripheraltypes/id/{id},classic,False,False,False,N/A,False
/policies,classic,True,N/A,N/A,N/A,N/A
/policies/category/{category},classic,True,N/A,N/A,N/A,N/A
/policies/createdBy/{createdBy},classic,True,N/A,N/A,N/A,N/A
/policies/id/{id},classic,True,False,True,N/A,True
/policies/id/{id}/subset/{subset},classic,False,N/A,N/A,N/A,N/A
/policies/name/{name},classic,True,N/A,N/A,N/A,N/A
/printers,classic,True,N/A,N/A,N/A,N/A
/printers/id/{id},classic,True,False,True,N/A,True
/printers/name/{name},classic,True,N/A,N/A,N/A,N/A
/removablemacaddresses,classic,False,N/A,N/A,N/A,N/A
/removablemacaddresses/id/{id},classic,False,False,False,N/A,False
/removablemacaddresses/name/{name},classic,False,N/A,N/A,N/A,N/A
/restrictedsoftware,classic,False,N/A,N/A,N/A,N/A
/restrictedsoftware/id/{id},classic,False,False,False,N/A,False
/restrictedsoftware/name/{name},classic,False,N/A,N/A,N/A,N/A
/savedsearches,classic,False,N/A,N/A,N/A,N/A
/savedsearches/id/{id},classic,False,N/A,N/A,N/A,N/A
/savedsearches/name/{name},classic,False,N/A,N/A,N/A,N/A
/scripts,classic,True,N/A,N/A,N/A,N/A
/scripts/id/{id},classic,True,False,True,N/A,True
/scripts/name/{name},classic,True,N/A,N/A,N/A,N/A
/sites,classic,True,N/A,N/A,N/A,N/A
/sites/id/{id},classic,True,False,True,N/A,True
/sites/name/{name},classic,True,N/A,N/A,N/A,N/A
/smtpserver,classic,False,N/A,False,N/A,N/A
/softwareupdateservers,classic,False,N/A,N/A,N/A,N/A
/softwareupdateservers/id/{id},classic,False,False,False,N/A,False
/softwareupdateservers/name/{name},classic,False,N/A,N/A,N/A,N/A
/userextensionattributes,classic,False,N/A,N/A,N/A,N/A
/userextensionattributes/id/{id},classic,False,False,False,N/A,False
/userextensionattributes/name/{name},classic,False,N/A,N/A,N/A,N/A
/usergroups,classic,False,N/A,N/A,N/A,N/A
/usergroups/id/{id},classic,False,False,False,N/A,False
/usergroups/name/{name},classic,False,N/A,N/A,N/A,N/A
/users,classic,False,N/A,N/A,N/A,N/A
/users/email/{email},classic,False,N/A,N/A,N/A,N/A
/users/id/{id},classic,False,False,False,N/A,False
/users/name/{name},classic,False,N/A,N/A,N/A,N/A
/vppaccounts,classic,False,N/A,N/A,N/A,N/A
/vppaccounts/id/{id},classic,False,False,False,N/A,False
/vppassignments,classic,False,N/A,N/A,N/A,N/A
/vppassignments/id/{id},classic,False,False,False,N/A,False
/vppinvitations,classic,False,N/A,N/A,N/A,N/A
/vppinvitations/id/{id},classic,False,False,False,N/A,False
/vppinvitations/id/{id}/subset/{subset},classic,False,N/A,N/A,N/A,N/A
/webhooks,classic,False,N/A,N/A,N/A,N/A
/webhooks/id/{id},classic,False,False,False,N/A,False
/webhooks/name/{name},classic,False,N/A,N/A,N/A,N/A
/auth,pro,False,N/A,N/A,N/A,N/A
/auth/current,pro,N/A,False,N/A,N/A,N/A
/auth/invalidateToken,pro,N/A,False,N/A,N/A,N/A
/auth/keepAlive,pro,N/A,False,N/A,N/A,N/A
/auth/tokens,pro,N/A,False,N/A,N/A,N/A
/devices/extensionAttributes,pro,False,N/A,N/A,N/A,N/A
/inventory-preload,pro,False,False,N/A,N/A,False
/inventory-preload/csv-template,pro,False,N/A,N/A,N/A,N/A
/inventory-preload/history,pro,False,N/A,N/A,N/A,N/A
/inventory-preload/history/notes,pro,N/A,False,N/A,N/A,N/A
/inventory-preload/validate-csv,pro,N/A,False,N/A,N/A,N/A
/inventory-preload/{id},pro,False,N/A,False,N/A,False
/ldap/groups,pro,False,N/A,N/A,N/A,N/A
/ldap/servers,pro,False,N/A,N/A,N/A,N/A
/notifications/alerts,pro,False,N/A,N/A,N/A,N/A
/notifications/alerts/{id},pro,N/A,N/A,N/A,N/A,False
/notifications/alerts/{type}/{id},pro,N/A,N/A,N/A,N/A,False
/preview/computers,pro,False,N/A,N/A,N/A,N/A
/preview/mdm/commands,pro,N/A,False,N/A,N/A,N/A
/preview/remote-administration-configurations,pro,False,N/A,N/A,N/A,N/A
/preview/remote-administration-configurations/team-viewer,pro,N/A,False,N/A,N/A,N/A
/preview/remote-administration-configurations/team-viewer/{configurationId}/sessions,pro,False,False,N/A,N/A,N/A
/preview/remote-administration-configurations/team-viewer/{configurationId}/sessions/{sessionId},pro,False,N/A,N/A,N/A,N/A
/preview/remote-administration-configurations/team-viewer/{configurationId}/sessions/{sessionId}/close,pro,N/A,False,N/A,N/A,N/A
/preview/remote-administration-configurations/team-viewer/{configurationId}/sessions/{sessionId}/resend-notification,pro,N/A,False,N/A,N/A,N/A
/preview/remote-administration-configurations/team-viewer/{configurationId}/sessions/{sessionId}/status,pro,False,N/A,N/A,N/A,N/A
/preview/remote-administration-configurations/team-viewer/{id},pro,False,N/A,N/A,False,False
/preview/remote-administration-configurations/team-viewer/{id}/status,pro,False,N/A,N/A,N/A,N/A
/self-service/branding/images,pro,N/A,False,N/A,N/A,N/A
/settings/issueTomcatSslCertificate,pro,N/A,False,N/A,N/A,N/A
/settings/obj/policyProperties,pro,False,N/A,False,N/A,N/A
/settings/sites,pro,False,N/A,N/A,N/A,N/A
/startup-status,pro,False,N/A,N/A,N/A,N/A
/system/initialize,pro,N/A,False,N/A,N/A,N/A
/system/initialize-database-connection,pro,N/A,False,N/A,N/A,N/A
/user,pro,False,N/A,N/A,N/A,N/A
/user/obj/preference/{key},pro,False,N/A,False,N/A,False
/user/updateSession,pro,N/A,False,N/A,N/A,N/A
/v1/adue-session-token-settings,pro,False,N/A,False,N/A,N/A
/v1/advanced-mobile-device-searches,pro,False,False,N/A,N/A,N/A
/v1/advanced-mobile-device-searches/choices,pro,False,N/A,N/A,N/A,N/A
/v1/advanced-mobile-device-searches/delete-multiple,pro,N/A,False,N/A,N/A,N/A
/v1/advanced-mobile-device-searches/{id},pro,False,N/A,False,N/A,False
/v1/advanced-user-content-searches,pro,False,False,N/A,N/A,N/A
/v1/advanced-user-content-searches/{id},pro,False,N/A,False,N/A,False
/v1/api-integrations,pro,True,True,N/A,N/A,N/A
/v1/api-integrations/{id},pro,True,N/A,True,N/A,True
/v1/api-integrations/{id}/client-credentials,pro,N/A,True,N/A,N/A,N/A
/v1/api-role-privileges,pro,True,N/A,N/A,N/A,N/A
/v1/api-role-privileges/search,pro,False,N/A,N/A,N/A,N/A
/v1/api-roles,pro,True,True,N/A,N/A,N/A
/v1/api-roles/{id},pro,True,N/A,True,N/A,True
/v1/app-request/form-input-fields,pro,False,False,False,N/A,N/A
/v1/app-request/form-input-fields/{id},pro,False,N/A,False,N/A,False
/v1/app-request/settings,pro,False,N/A,False,N/A,N/A
/v1/app-store-country-codes,pro,False,N/A,N/A,N/A,N/A
/v1/auth,pro,False,N/A,N/A,N/A,N/A
/v1/auth/invalidate-token,pro,N/A,False,N/A,N/A,N/A
/v1/auth/keep-alive,pro,N/A,False,N/A,N/A,N/A
/v1/auth/token,pro,N/A,False,N/A,N/A,N/A
/v1/branding-images/download/{id},pro,False,N/A,N/A,N/A,N/A
/v1/buildings,pro,False,False,N/A,N/A,N/A
/v1/buildings/delete-multiple,pro,N/A,False,N/A,N/A,N/A
/v1/buildings/export,pro,N/A,False,N/A,N/A,N/A
/v1/buildings/{id},pro,False,N/A,False,N/A,False
/v1/buildings/{id}/history,pro,False,False,N/A,N/A,N/A
/v1/buildings/{id}/history/export,pro,N/A,False,N/A,N/A,N/A
/v1/cache-settings,pro,False,N/A,False,N/A,N/A
/v1/categories,pro,True,True,N/A,N/A,N/A
/v1/categories/delete-multiple,pro,N/A,True,N/A,N/A,N/A
/v1/categories/{id},pro,True,N/A,True,N/A,True
/v1/categories/{id}/history,pro,False,False,N/A,N/A,N/A
/v1/classic-ldap/{id},pro,False,N/A,N/A,N/A,N/A
/v1/cloud-azure,pro,N/A,False,N/A,N/A,N/A
/v1/cloud-azure/defaults/mappings,pro,False,N/A,N/A,N/A,N/A
/v1/cloud-azure/defaults/server-configuration,pro,False,N/A,N/A,N/A,N/A
/v1/cloud-azure/{id},pro,False,N/A,False,N/A,False
/v1/cloud-idp,pro,False,N/A,N/A,N/A,N/A
/v1/cloud-idp/export,pro,N/A,False,N/A,N/A,N/A
/v1/cloud-idp/{id},pro,False,N/A,N/A,N/A,N/A
/v1/cloud-idp/{id}/history,pro,False,False,N/A,N/A,N/A
/v1/cloud-idp/{id}/test-group,pro,N/A,False,N/A,N/A,N/A
/v1/cloud-idp/{id}/test-user,pro,N/A,False,N/A,N/A,N/A
/v1/cloud-idp/{id}/test-user-membership,pro,N/A,False,N/A,N/A,N/A
/v1/cloud-information,pro,False,N/A,N/A,N/A,N/A
/v1/computer-groups,pro,False,N/A,N/A,N/A,N/A
/v1/computer-inventory-collection-settings,pro,True,N/A,N/A,True,N/A
/v1/computer-inventory-collection-settings/custom-path,pro,N/A,True,N/A,N/A,N/A
/v1/computer-inventory-collection-settings/custom-path/{id},pro,N/A,N/A,N/A,N/A,True
/v1/computer-prestages/scope,pro,False,N/A,N/A,N/A,N/A
/v1/computer-prestages/{id}/scope,pro,False,False,False,N/A,False
/v1/computers-inventory,pro,False,N/A,N/A,N/A,N/A
/v1/computers-inventory-detail/{id},pro,False,N/A,N/A,False,N/A
/v1/computers-inventory/filevault,pro,False,N/A,N/A,N/A,N/A
/v1/computers-inventory/{id},pro,False,N/A,N/A,N/A,False
/v1/computers-inventory/{id}/attachments,pro,N/A,False,N/A,N/A,N/A
/v1/computers-inventory/{id}/attachments/{attachmentId},pro,False,N/A,N/A,N/A,False
/v1/computers-inventory/{id}/filevault,pro,False,N/A,N/A,N/A,N/A
/v1/computers-inventory/{id}/view-recovery-lock-password,pro,False,N/A,N/A,N/A,N/A
/v1/computers/{id}/recalculate-smart-groups,pro,N/A,False,N/A,N/A,N/A
/v1/conditional-access/device-compliance-information/computer/{deviceId},pro,False,N/A,N/A,N/A,N/A
/v1/conditional-access/device-compliance-information/mobile/{deviceId},pro,False,N/A,N/A,N/A,N/A
/v1/csa/token,pro,False,False,False,N/A,False
/v1/dashboard,pro,False,N/A,N/A,N/A,N/A
/v1/departments,pro,False,False,N/A,N/A,N/A
/v1/departments/delete-multiple,pro,N/A,False,N/A,N/A,N/A
/v1/departments/{id},pro,False,N/A,False,N/A,False
/v1/departments/{id}/history,pro,False,False,N/A,N/A,N/A
/v1/deploy-package,pro,N/A,False,N/A,N/A,N/A
/v1/device-communication-settings,pro,False,N/A,False,N/A,N/A
/v1/device-communication-settings/history,pro,False,False,N/A,N/A,N/A
/v1/device-enrollments,pro,False,N/A,N/A,N/A,N/A
/v1/device-enrollments/public-key,pro,False,N/A,N/A,N/A,N/A
/v1/device-enrollments/syncs,pro,False,N/A,N/A,N/A,N/A
/v1/device-enrollments/upload-token,pro,N/A,False,N/A,N/A,N/A
/v1/device-enrollments/{id},pro,False,N/A,False,N/A,False
/v1/device-enrollments/{id}/devices,pro,False,N/A,N/A,N/A,N/A
/v1/device-enrollments/{id}/disown,pro,N/A,False,N/A,N/A,N/A
/v1/device-enrollments/{id}/history,pro,False,False,N/A,N/A,N/A
/v1/device-enrollments/{id}/syncs,pro,False,N/A,N/A,N/A,N/A
/v1/device-enrollments/{id}/syncs/latest,pro,False,N/A,N/A,N/A,N/A
/v1/device-enrollments/{id}/upload-token,pro,N/A,N/A,False,N/A,N/A
/v1/ebooks,pro,False,N/A,N/A,N/A,N/A
/v1/ebooks/{id},pro,False,N/A,N/A,N/A,N/A
/v1/ebooks/{id}/scope,pro,False,N/A,N/A,N/A,N/A
/v1/engage,pro,False,N/A,False,N/A,N/A
/v1/engage/history,pro,False,False,N/A,N/A,N/A
/v1/enrollment-customization,pro,False,False,N/A,N/A,N/A
/v1/enrollment-customization/images,pro,N/A,False,N/A,N/A,N/A
/v1/enrollment-customization/parse-markdown,pro,N/A,False,N/A,N/A,N/A
/v1/enrollment-customization/{id},pro,False,N/A,False,N/A,False
/v1/enrollment-customization/{id}/all,pro,False,N/A,N/A,N/A,N/A
/v1/enrollment-customization/{id}/all/{panel-id},pro,False,N/A,N/A,N/A,False
/v1/enrollment-customization/{id}/history,pro,False,False,N/A,N/A,N/A
/v1/enrollment-customization/{id}/ldap,pro,N/A,False,N/A,N/A,N/A
/v1/enrollment-customization/{id}/ldap/{panel-id},pro,False,N/A,False,N/A,False
/v1/enrollment-customization/{id}/prestages,pro,False,N/A,N/A,N/A,N/A
/v1/enrollment-customization/{id}/sso,pro,N/A,False,N/A,N/A,N/A
/v1/enrollment-customization/{id}/sso/{panel-id},pro,False,N/A,False,N/A,False
/v1/enrollment-customization/{id}/text,pro,N/A,False,N/A,N/A,N/A
/v1/enrollment-customization/{id}/text/{panel-id},pro,False,N/A,False,N/A,False
/v1/enrollment-customization/{id}/text/{panel-id}/markdown,pro,False,N/A,N/A,N/A,N/A
/v1/icon,pro,N/A,False,N/A,N/A,N/A
/v1/icon/download/{id},pro,False,N/A,N/A,N/A,N/A
/v1/icon/{id},pro,False,N/A,N/A,N/A,N/A
/v1/inventory-information,pro,False,N/A,N/A,N/A,N/A
/v1/inventory-preload,pro,False,False,N/A,N/A,False
/v1/inventory-preload/csv-template,pro,False,N/A,N/A,N/A,N/A
/v1/inventory-preload/history,pro,False,False,N/A,N/A,N/A
/v1/inventory-preload/validate-csv,pro,N/A,False,N/A,N/A,N/A
/v1/inventory-preload/{id},pro,False,N/A,False,N/A,False
/v1/jamf-connect,pro,False,N/A,N/A,N/A,N/A
/v1/jamf-connect/config-profiles,pro,False,N/A,N/A,N/A,N/A
/v1/jamf-connect/config-profiles/{id},pro,N/A,N/A,False,N/A,N/A
/v1/jamf-connect/deployments/{id}/tasks,pro,False,N/A,N/A,N/A,N/A
/v1/jamf-connect/deployments/{id}/tasks/retry,pro,N/A,False,N/A,N/A,N/A
/v1/jamf-connect/history,pro,False,False,N/A,N/A,N/A
/v1/jamf-management-framework/redeploy/{id},pro,N/A,False,N/A,N/A,N/A
/v1/jamf-package,pro,False,N/A,N/A,N/A,N/A
/v1/jamf-pro-information,pro,False,N/A,N/A,N/A,N/A
/v1/jamf-pro-server-url,pro,False,N/A,False,N/A,N/A
/v1/jamf-pro-server-url/history,pro,False,False,N/A,N/A,N/A
/v1/jamf-pro-version,pro,False,N/A,N/A,N/A,N/A
/v1/jamf-protect,pro,False,N/A,False,N/A,False
/v1/jamf-protect/deployments/{id}/tasks,pro,False,N/A,N/A,N/A,N/A
/v1/jamf-protect/deployments/{id}/tasks/retry,pro,N/A,False,N/A,N/A,N/A
/v1/jamf-protect/history,pro,False,False,N/A,N/A,N/A
/v1/jamf-protect/plans,pro,False,N/A,N/A,N/A,N/A
/v1/jamf-protect/plans/sync,pro,N/A,False,N/A,N/A,N/A
/v1/jamf-protect/register,pro,N/A,False,N/A,N/A,N/A
/v1/ldap-keystore/verify,pro,N/A,False,N/A,N/A,N/A
/v1/ldap/groups,pro,False,N/A,N/A,N/A,N/A
/v1/ldap/ldap-servers,pro,False,N/A,N/A,N/A,N/A
/v1/ldap/servers,pro,False,N/A,N/A,N/A,N/A
/v1/local-admin-password/settings,pro,False,N/A,False,N/A,N/A
/v1/local-admin-password/{clientManagementId}/account/{username}/audit,pro,False,N/A,N/A,N/A,N/A
/v1/local-admin-password/{clientManagementId}/account/{username}/password,pro,False,N/A,N/A,N/A,N/A
/v1/local-admin-password/{clientManagementId}/accounts,pro,False,N/A,N/A,N/A,N/A
/v1/local-admin-password/{clientManagementId}/set-password,pro,N/A,N/A,False,N/A,N/A
/v1/locales,pro,False,N/A,N/A,N/A,N/A
/v1/macos-managed-software-updates/available-updates,pro,False,N/A,N/A,N/A,N/A
/v1/macos-managed-software-updates/send-updates,pro,N/A,False,N/A,N/A,N/A
/v1/managed-software-updates/available-updates,pro,False,N/A,N/A,N/A,N/A
/v1/managed-software-updates/plans,pro,False,False,N/A,N/A,N/A
/v1/managed-software-updates/plans/feature-toggle,pro,False,N/A,False,N/A,N/A
/v1/managed-software-updates/plans/group,pro,N/A,False,N/A,N/A,N/A
/v1/managed-software-updates/plans/group/{id},pro,False,N/A,N/A,N/A,N/A
/v1/managed-software-updates/plans/{id},pro,False,N/A,N/A,N/A,N/A
/v1/managed-software-updates/update-statuses,pro,False,N/A,N/A,N/A,N/A
/v1/managed-software-updates/update-statuses/computer-groups/{id},pro,False,N/A,N/A,N/A,N/A
/v1/managed-software-updates/update-statuses/computers/{id},pro,False,N/A,N/A,N/A,N/A
/v1/managed-software-updates/update-statuses/mobile-device-groups/{id},pro,False,N/A,N/A,N/A,N/A
/v1/managed-software-updates/update-statuses/mobile-devices/{id},pro,False,N/A,N/A,N/A,N/A
/v1/mdm/commands,pro,False,N/A,N/A,N/A,N/A
/v1/mdm/renew-profile,pro,N/A,False,N/A,N/A,N/A
/v1/mobile-device-apps/reinstall-app-config,pro,N/A,False,N/A,N/A,N/A
/v1/mobile-device-enrollment-profile/{id}/download-profile,pro,False,N/A,N/A,N/A,N/A
/v1/mobile-device-groups,pro,False,N/A,N/A,N/A,N/A
/v1/mobile-device-groups/static-group-membership/{id},pro,False,N/A,N/A,N/A,N/A
/v1/mobile-device-groups/static-groups,pro,False,False,N/A,N/A,N/A
/v1/mobile-device-groups/static-groups/{id},pro,False,N/A,N/A,False,False
/v1/mobile-device-prestages,pro,False,False,N/A,N/A,N/A
/v1/mobile-device-prestages/scope,pro,False,N/A,N/A,N/A,N/A
/v1/mobile-device-prestages/sync,pro,False,N/A,N/A,N/A,N/A
/v1/mobile-device-prestages/sync/{id},pro,False,N/A,N/A,N/A,N/A
/v1/mobile-device-prestages/sync/{id}/latest,pro,False,N/A,N/A,N/A,N/A
/v1/mobile-device-prestages/{id},pro,False,N/A,False,N/A,False
/v1/mobile-device-prestages/{id}/attachments,pro,False,False,N/A,N/A,False
/v1/mobile-device-prestages/{id}/history,pro,False,False,N/A,N/A,N/A
/v1/mobile-device-prestages/{id}/scope,pro,False,False,False,N/A,False
/v1/mobile-devices,pro,False,N/A,N/A,N/A,N/A
/v1/mobile-devices/{id},pro,False,N/A,N/A,False,N/A
/v1/mobile-devices/{id}/detail,pro,False,N/A,N/A,N/A,N/A
/v1/mobile-devices/{id}/recalculate-smart-groups,pro,N/A,False,N/A,N/A,N/A
/v1/notifications,pro,False,N/A,N/A,N/A,N/A
/v1/notifications/{type}/{id},pro,N/A,N/A,N/A,N/A,False
/v1/parent-app,pro,False,N/A,False,N/A,N/A
/v1/parent-app/history,pro,False,False,N/A,N/A,N/A
/v1/pki/certificate-authority/active,pro,False,N/A,N/A,N/A,N/A
/v1/pki/certificate-authority/active/der,pro,False,N/A,N/A,N/A,N/A
/v1/pki/certificate-authority/active/pem,pro,False,N/A,N/A,N/A,N/A
/v1/pki/certificate-authority/{id},pro,False,N/A,N/A,N/A,N/A
/v1/pki/certificate-authority/{id}/der,pro,False,N/A,N/A,N/A,N/A
/v1/pki/certificate-authority/{id}/pem,pro,False,N/A,N/A,N/A,N/A
/v1/pki/venafi,pro,N/A,False,N/A,N/A,N/A
/v1/pki/venafi/{id},pro,False,N/A,N/A,False,False
/v1/pki/venafi/{id}/connection-status,pro,False,N/A,N/A,N/A,N/A
/v1/pki/venafi/{id}/dependent-profiles,pro,False,N/A,N/A,N/A,N/A
/v1/pki/venafi/{id}/history,pro,False,False,N/A,N/A,N/A
/v1/pki/venafi/{id}/jamf-public-key,pro,False,N/A,N/A,N/A,N/A
/v1/pki/venafi/{id}/jamf-public-key/regenerate,pro,N/A,False,N/A,N/A,N/A
/v1/pki/venafi/{id}/proxy-trust-store,pro,False,False,N/A,N/A,False
/v1/policy-properties,pro,False,N/A,False,N/A,N/A
/v1/reenrollment,pro,False,N/A,False,N/A,N/A
/v1/reenrollment/history,pro,False,False,N/A,N/A,N/A
/v1/reenrollment/history/export,pro,N/A,False,N/A,N/A,N/A
/v1/scheduler/jobs,pro,False,N/A,N/A,N/A,N/A
/v1/scheduler/jobs/{jobKey}/triggers,pro,False,N/A,N/A,N/A,N/A
/v1/scheduler/summary,pro,False,N/A,N/A,N/A,N/A
/v1/scripts,pro,False,False,N/A,N/A,N/A
/v1/scripts/{id},pro,False,N/A,False,N/A,False
/v1/scripts/{id}/download,pro,False,N/A,N/A,N/A,N/A
/v1/scripts/{id}/history,pro,False,False,N/A,N/A,N/A
/v1/search-mobile-devices,pro,N/A,False,N/A,N/A,N/A
/v1/self-service/branding/ios,pro,False,False,N/A,N/A,N/A
/v1/self-service/branding/ios/{id},pro,False,N/A,False,N/A,False
/v1/self-service/branding/macos,pro,True,True,N/A,N/A,N/A
/v1/self-service/branding/macos/{id},pro,True,N/A,True,N/A,True
/v1/self-service/settings,pro,False,N/A,False,N/A,N/A
/v1/sites,pro,False,N/A,N/A,N/A,N/A
/v1/smart-computer-groups/{id}/recalculate,pro,N/A,False,N/A,N/A,N/A
/v1/smart-mobile-device-groups/{id}/recalculate,pro,N/A,False,N/A,N/A,N/A
/v1/smart-user-groups/{id}/recalculate,pro,N/A,False,N/A,N/A,N/A
/v1/sso,pro,False,N/A,False,N/A,N/A
/v1/sso/cert,pro,False,False,False,N/A,False
/v1/sso/cert/download,pro,False,N/A,N/A,N/A,N/A
/v1/sso/cert/parse,pro,N/A,False,N/A,N/A,N/A
/v1/sso/dependencies,pro,False,N/A,N/A,N/A,N/A
/v1/sso/disable,pro,N/A,False,N/A,N/A,N/A
/v1/sso/failover,pro,True,N/A,N/A,N/A,N/A
/v1/sso/failover/generate,pro,N/A,False,N/A,N/A,N/A
/v1/sso/history,pro,False,False,N/A,N/A,N/A
/v1/sso/metadata/download,pro,False,N/A,N/A,N/A,N/A
/v1/sso/validate,pro,N/A,False,N/A,N/A,N/A
/v1/static-user-groups,pro,False,N/A,N/A,N/A,N/A
/v1/static-user-groups/{id},pro,False,N/A,N/A,N/A,N/A
/v1/supervision-identities,pro,False,False,N/A,N/A,N/A
/v1/supervision-identities/upload,pro,N/A,False,N/A,N/A,N/A
/v1/supervision-identities/{id},pro,False,N/A,False,N/A,False
/v1/supervision-identities/{id}/download,pro,False,N/A,N/A,N/A,N/A
/v1/system/initialize,pro,N/A,False,N/A,N/A,N/A
/v1/system/initialize-database-connection,pro,N/A,False,N/A,N/A,N/A
/v1/teacher-app,pro,False,N/A,False,N/A,N/A
/v1/teacher-app/history,pro,False,False,N/A,N/A,N/A
/v1/time-zones,pro,False,N/A,N/A,N/A,N/A
/v1/user/change-password,pro,N/A,False,N/A,N/A,N/A
/v1/user/preferences/settings/{keyId},pro,False,N/A,N/A,N/A,N/A
/v1/user/preferences/{keyId},pro,False,N/A,False,N/A,False
/v1/users/{id}/recalculate-smart-groups,pro,N/A,False,N/A,N/A,N/A
/v1/volume-purchasing-locations,pro,False,False,N/A,N/A,N/A
/v1/volume-purchasing-locations/{id},pro,False,N/A,N/A,False,False
/v1/volume-purchasing-locations/{id}/content,pro,False,N/A,N/A,N/A,N/A
/v1/volume-purchasing-locations/{id}/history,pro,False,False,N/A,N/A,N/A
/v1/volume-purchasing-locations/{id}/reclaim,pro,N/A,False,N/A,N/A,N/A
/v1/volume-purchasing-locations/{id}/revoke-licenses,pro,N/A,False,N/A,N/A,N/A
/v1/volume-purchasing-subscriptions,pro,True,True,N/A,N/A,N/A
/v1/volume-purchasing-subscriptions/{id},pro,True,N/A,True,N/A,True
/v2/cloud-ldaps,pro,N/A,False,N/A,N/A,N/A
/v2/cloud-ldaps/defaults/{provider}/mappings,pro,False,N/A,N/A,N/A,N/A
/v2/cloud-ldaps/defaults/{provider}/server-configuration,pro,False,N/A,N/A,N/A,N/A
/v2/cloud-ldaps/{id},pro,False,N/A,False,N/A,False
/v2/cloud-ldaps/{id}/connection/bind,pro,False,N/A,N/A,N/A,N/A
/v2/cloud-ldaps/{id}/connection/search,pro,False,N/A,N/A,N/A,N/A
/v2/cloud-ldaps/{id}/connection/status,pro,False,N/A,N/A,N/A,N/A
/v2/cloud-ldaps/{id}/mappings,pro,False,N/A,False,N/A,N/A
/v2/computer-prestages,pro,False,False,N/A,N/A,N/A
/v2/computer-prestages/scope,pro,False,N/A,N/A,N/A,N/A
/v2/computer-prestages/{id},pro,False,N/A,False,N/A,False
/v2/computer-prestages/{id}/scope,pro,False,False,False,N/A,N/A
/v2/computer-prestages/{id}/scope/delete-multiple,pro,N/A,False,N/A,N/A,N/A
/v2/engage,pro,False,N/A,False,N/A,N/A
/v2/engage/history,pro,False,False,N/A,N/A,N/A
/v2/enrollment,pro,False,N/A,False,N/A,N/A
/v2/enrollment-customizations,pro,False,False,N/A,N/A,N/A
/v2/enrollment-customizations/images,pro,N/A,False,N/A,N/A,N/A
/v2/enrollment-customizations/images/{id},pro,False,N/A,N/A,N/A,N/A
/v2/enrollment-customizations/{id},pro,False,N/A,False,N/A,False
/v2/enrollment-customizations/{id}/history,pro,False,False,N/A,N/A,N/A
/v2/enrollment-customizations/{id}/prestages,pro,False,N/A,N/A,N/A,N/A
/v2/enrollment/access-groups,pro,False,False,N/A,N/A,N/A
/v2/enrollment/access-groups/{serverId}/{groupId},pro,False,N/A,False,N/A,False
/v2/enrollment/filtered-language-codes,pro,False,N/A,N/A,N/A,N/A
/v2/enrollment/history,pro,False,False,N/A,N/A,N/A
/v2/enrollment/history/export,pro,N/A,False,N/A,N/A,N/A
/v2/enrollment/language-codes,pro,False,N/A,N/A,N/A,N/A
/v2/enrollment/languages,pro,False,N/A,N/A,N/A,N/A
/v2/enrollment/languages/delete-multiple,pro,N/A,False,N/A,N/A,N/A
/v2/enrollment/languages/{languageId},pro,False,N/A,False,N/A,False
/v2/inventory-preload/csv,pro,False,False,N/A,N/A,N/A
/v2/inventory-preload/csv-template,pro,False,N/A,N/A,N/A,N/A
/v2/inventory-preload/csv-validate,pro,N/A,False,N/A,N/A,N/A
/v2/inventory-preload/ea-columns,pro,False,N/A,N/A,N/A,N/A
/v2/inventory-preload/export,pro,N/A,False,N/A,N/A,N/A
/v2/inventory-preload/history,pro,False,False,N/A,N/A,N/A
/v2/inventory-preload/records,pro,False,False,N/A,N/A,N/A
/v2/inventory-preload/records/delete-all,pro,N/A,False,N/A,N/A,N/A
/v2/inventory-preload/records/{id},pro,False,N/A,False,N/A,False
/v2/jamf-package,pro,False,N/A,N/A,N/A,N/A
/v2/jamf-pro-information,pro,True,N/A,N/A,N/A,N/A
/v2/local-admin-password/pending-rotations,pro,False,N/A,N/A,N/A,N/A
/v2/local-admin-password/settings,pro,False,N/A,False,N/A,N/A
/v2/local-admin-password/{clientManagementId}/account/{username}/audit,pro,False,N/A,N/A,N/A,N/A
/v2/local-admin-password/{clientManagementId}/account/{username}/history,pro,False,N/A,N/A,N/A,N/A
/v2/local-admin-password/{clientManagementId}/account/{username}/password,pro,False,N/A,N/A,N/A,N/A
/v2/local-admin-password/{clientManagementId}/accounts,pro,False,N/A,N/A,N/A,N/A
/v2/local-admin-password/{clientManagementId}/set-password,pro,N/A,N/A,False,N/A,N/A
/v2/mdm/commands,pro,False,N/A,N/A,N/A,N/A
/v2/mobile-device-prestages,pro,False,False,N/A,N/A,N/A
/v2/mobile-device-prestages/scope,pro,False,N/A,N/A,N/A,N/A
/v2/mobile-device-prestages/syncs,pro,False,N/A,N/A,N/A,N/A
/v2/mobile-device-prestages/{id},pro,False,N/A,False,N/A,False
/v2/mobile-device-prestages/{id}/attachments,pro,False,False,N/A,N/A,N/A
/v2/mobile-device-prestages/{id}/attachments/delete-multiple,pro,N/A,False,N/A,N/A,N/A
/v2/mobile-device-prestages/{id}/history,pro,False,False,N/A,N/A,N/A
/v2/mobile-device-prestages/{id}/scope,pro,False,False,False,N/A,N/A
/v2/mobile-device-prestages/{id}/scope/delete-multiple,pro,N/A,False,N/A,N/A,N/A
/v2/mobile-device-prestages/{id}/syncs,pro,False,N/A,N/A,N/A,N/A
/v2/mobile-device-prestages/{id}/syncs/latest,pro,False,N/A,N/A,N/A,N/A
/v2/mobile-devices,pro,False,N/A,N/A,N/A,N/A
/v2/mobile-devices/detail,pro,False,N/A,N/A,N/A,N/A
/v2/mobile-devices/{id},pro,False,N/A,N/A,False,N/A
/v2/mobile-devices/{id}/detail,pro,False,N/A,N/A,N/A,N/A
/v2/patch-management-accept-disclaimer,pro,N/A,False,N/A,N/A,N/A
/v2/patch-policies,pro,False,N/A,N/A,N/A,N/A
/v2/patch-policies/policy-details,pro,False,N/A,N/A,N/A,N/A
/v2/patch-policies/{id}/dashboard,pro,False,False,N/A,N/A,False
/v2/patch-policies/{id}/logs,pro,False,N/A,N/A,N/A,N/A
/v2/patch-policies/{id}/logs/eligible-retry-count,pro,False,N/A,N/A,N/A,N/A
/v2/patch-policies/{id}/logs/retry,pro,N/A,False,N/A,N/A,N/A
/v2/patch-policies/{id}/logs/retry-all,pro,N/A,False,N/A,N/A,N/A
/v2/patch-policies/{id}/logs/{deviceId},pro,False,N/A,N/A,N/A,N/A
/v2/patch-policies/{id}/logs/{deviceId}/details,pro,False,N/A,N/A,N/A,N/A
/v2/patch-software-title-configurations,pro,False,False,N/A,N/A,N/A
/v2/patch-software-title-configurations/{id},pro,False,N/A,N/A,False,False
/v2/patch-software-title-configurations/{id}/dashboard,pro,False,False,N/A,N/A,False
/v2/patch-software-title-configurations/{id}/definitions,pro,False,N/A,N/A,N/A,N/A
/v2/patch-software-title-configurations/{id}/dependencies,pro,False,N/A,N/A,N/A,N/A
/v2/patch-software-title-configurations/{id}/export-report,pro,False,N/A,N/A,N/A,N/A
/v2/patch-software-title-configurations/{id}/extension-attributes,pro,False,N/A,N/A,N/A,N/A
/v2/patch-software-title-configurations/{id}/history,pro,False,False,N/A,N/A,N/A
/v2/patch-software-title-configurations/{id}/patch-report,pro,False,N/A,N/A,N/A,N/A
/v2/patch-software-title-configurations/{id}/patch-summary,pro,False,N/A,N/A,N/A,N/A
/v2/patch-software-title-configurations/{id}/patch-summary/versions,pro,False,N/A,N/A,N/A,N/A
/v2/sso/cert,pro,False,False,False,N/A,False
/v2/sso/cert/download,pro,False,N/A,N/A,N/A,N/A
/v2/sso/cert/parse,pro,N/A,False,N/A,N/A,N/A
/v3/check-in,pro,False,N/A,False,N/A,N/A
/v3/check-in/history,pro,False,False,N/A,N/A,N/A
/v3/computer-prestages,pro,False,False,N/A,N/A,N/A
/v3/computer-prestages/{id},pro,False,N/A,False,N/A,False
/v3/enrollment,pro,False,N/A,False,N/A,N/A
/v3/enrollment/access-groups,pro,False,False,N/A,N/A,N/A
/v3/enrollment/access-groups/{id},pro,False,N/A,False,N/A,False
/v3/enrollment/filtered-language-codes,pro,False,N/A,N/A,N/A,N/A
/v3/enrollment/language-codes,pro,False,N/A,N/A,N/A,N/A
/v3/enrollment/languages,pro,False,N/A,N/A,N/A,N/A
/v3/enrollment/languages/delete-multiple,pro,N/A,False,N/A,N/A,N/A
/v3/enrollment/languages/{languageId},pro,False,N/A,False,N/A,False
/vpp/admin-accounts,pro,False,N/A,N/A,N/A,N/A
/vpp/subscriptions,pro,False,N/A,N/A,N/A,N/A
/vpp/subscriptions/{id},pro,False,N/A,N/A,N/A,N/A
